,Biomass,Energy storage,Fossil Brown coal/Lignite,Fossil Coal-derived gas,Fossil Gas,Fossil Hard coal,Fossil Oil,Fossil Oil shale,Fossil Peat,Geothermal,Hydro Pumped Storage,Hydro Run-of-river and pondage,Hydro Water Reservoir,Marine,Nuclear,Other,Other renewable,Solar,Waste,Wind Offshore,Wind Onshore,AT,BE,CH,CZ,DK,FR,LU,NL,NO,PL,SE
2026-01-01 00:00:00,4106,0,4193,592,6521,4643,395,0,0,23,872,790,17,0,0,219,74,0,661,2715,31877,0,0,0,0,0,0,0,0,326,0,217
2026-01-01 00:30:00,4097,0,3702,610,6174,4418,396,0,0,23,319,783,56,0,0,219,74,0,659,3007,33369,0,0,0,0,0,0,0,0,0,0,217
2026-01-01 01:00:00,4072,0,3107,583,5776,4430,395,0,0,23,412,794,87,0,0,219,74,0,647,3522,33997,0,0,0,0,489,0,0,0,0,0,209
2026-01-01 01:30:00,4074,0,3057,570,5408,4469,395,0,0,23,169,783,118,0,0,219,74,0,639,3922,34359,0,0,0,0,155,0,0,0,0,0,113
2026-01-01 02:00:00,4072,0,2854,577,4967,4509,395,0,0,23,90,784,48,0,0,219,74,0,609,4469,34953,0,107,0,0,0,0,0,0,0,0,195
2026-01-01 02:30:00,4066,0,2777,574,4743,4525,395,0,0,23,172,786,72,0,0,219,74,0,614,4665,35516,0,149,0,0,0,0,0,0,0,0,114
2026-01-01 03:00:00,4068,0,2333,597,4481,4420,395,0,0,23,300,787,23,0,0,219,74,0,612,4937,36363,0,138,0,0,0,0,0,0,0,0,0
2026-01-01 03:30:00,4073,0,2356,615,4516,4438,395,0,0,23,150,793,13,0,0,219,74,0,611,5193,36891,0,181,0,0,0,0,0,0,0,0,0
2026-01-01 04:00:00,4080,0,2345,626,4442,4387,395,0,0,23,326,793,13,0,0,219,74,0,611,4977,37348,0,0,0,0,0,0,0,0,0,0,0
2026-01-01 04:30:00,4087,0,2314,605,4464,4417,395,0,0,23,147,794,14,0,0,219,74,0,612,5031,37421,0,25,0,0,0,0,0,0,0,0,0
2026-01-01 05:00:00,4099,0,2319,567,4488,4325,395,0,0,23,191,786,14,0,0,219,74,0,618,4228,37870,0,0,0,0,0,0,0,119,0,0,0
2026-01-01 05:30:00,4112,0,2344,593,4478,4307,395,0,0,23,264,779,14,0,0,219,74,0,611,4025,38392,0,0,0,0,0,0,0,107,0,0,0
2026-01-01 06:00:00,4153,0,2521,598,4531,4339,504,0,0,23,76,757,15,0,0,219,74,0,604,3046,40469,0,0,0,0,0,0,0,0,0,0,0
2026-01-01 06:30:00,4177,0,2509,614,4536,4306,434,0,0,23,86,766,16,0,0,219,74,0,611,2641,40858,0,0,0,0,0,0,0,48,0,0,0
2026-01-01 07:00:00,4250,0,2419,621,4605,4305,395,0,0,23,43,774,86,0,0,211,74,0,609,2147,41692,0,0,0,0,0,0,0,208,0,0,0
2026-01-01 07:30:00,4284,0,2448,621,4568,4255,395,0,0,23,138,770,90,0,0,194,74,0,604,2184,41981,0,0,0,0,0,0,0,8,0,0,0
2026-01-01 08:00:00,4335,0,2342,618,4466,4181,395,0,0,23,85,769,71,0,0,194,74,77,613,3130,42148,0,51,0,0,0,0,0,0,0,0,0
2026-01-01 08:30:00,4356,0,2414,622,4402,4340,395,0,0,23,370,776,46,0,0,194,74,1051,612,3070,42080,0,20,0,0,0,0,0,0,0,0,0
2026-01-01 09:00:00,4376,0,2569,579,4400,4443,395,0,0,23,66,805,18,0,0,194,74,2561,616,3998,41883,0,41,0,0,0,0,0,0,0,0,0
2026-01-01 09:30:00,4384,0,2566,583,4384,4425,395,0,0,23,4,814,15,0,0,194,74,4153,621,4268,42147,0,203,0,0,0,0,0,0,0,0,0
2026-01-01 10:00:00,4369,0,2616,569,4486,4383,396,0,0,23,9,818,17,0,0,194,74,5633,619,4688,41534,0,455,0,0,0,0,0,0,0,0,0
2026-01-01 10:30:00,4380,0,2642,569,4475,4398,395,0,0,23,14,815,64,0,0,194,74,6988,621,4730,41852,0,279,0,0,0,0,0,0,0,0,0
2026-01-01 11:00:00,4362,0,2601,576,4317,4170,395,0,0,23,1,819,56,0,0,194,74,8148,619,4983,41857,0,86,0,0,0,0,0,0,0,0,0
2026-01-01 11:30:00,4366,0,2654,558,4315,4029,395,0,0,23,3,816,49,0,0,194,74,8851,626,5047,42257,0,0,0,0,0,0,0,0,0,0,0
2026-01-01 12:00:00,4314,0,2639,559,4329,3991,395,0,0,23,0,823,106,0,0,194,74,9180,625,5081,41832,0,0,0,0,0,0,0,0,0,0,0
2026-01-01 12:30:00,4288,0,2593,576,4321,4020,395,0,0,23,0,818,146,0,0,194,74,9056,615,5077,42259,0,0,0,0,0,0,0,0,0,0,0
2026-01-01 13:00:00,4255,0,2628,568,4216,3919,395,0,0,23,0,820,102,0,0,194,74,8386,620,5272,42824,0,0,0,0,0,0,0,0,0,0,0
2026-01-01 13:30:00,4258,0,2572,549,4225,3877,395,0,0,23,0,821,114,0,0,193,74,7204,630,5282,43325,0,0,0,0,0,0,0,0,0,0,0
2026-01-01 14:00:00,4261,0,2592,560,4267,3992,395,0,0,23,1,795,109,0,0,193,75,5757,633,5156,44656,0,81,0,0,0,0,0,0,0,0,0
2026-01-01 14:30:00,4275,0,2589,590,4274,4009,395,0,0,23,289,783,157,0,0,194,76,4103,630,5130,44802,0,223,0,0,0,0,0,0,0,0,0
2026-01-01 15:00:00,4300,0,2640,573,4335,4196,395,0,0,23,1159,765,161,0,0,205,76,2524,630,4937,44871,0,0,0,0,0,0,0,0,0,0,0
2026-01-01 15:30:00,4320,0,2590,529,4382,4407,395,0,0,23,2481,764,122,0,0,203,76,1105,623,4880,45207,0,0,0,0,0,0,0,0,0,0,0
2026-01-01 16:00:00,4408,0,2684,499,4497,4620,395,0,0,23,2903,762,106,0,0,203,76,218,621,4652,45357,0,103,0,0,0,0,0,0,0,0,0
2026-01-01 16:30:00,4449,0,2703,498,4544,4714,395,0,0,23,3413,759,113,0,0,202,76,4,623,4518,45527,0,105,0,0,0,0,0,0,0,0,0
2026-01-01 17:00:00,4497,0,2643,522,4818,4851,395,0,0,23,4448,747,176,0,0,195,76,0,622,4511,45298,0,98,0,0,0,0,0,0,0,0,0
2026-01-01 17:30:00,4519,0,2644,522,4858,4795,395,0,0,23,4153,747,262,0,0,195,76,0,621,4620,44339,0,93,0,0,0,0,0,0,0,0,0
2026-01-01 18:00:00,4527,0,2635,508,4894,4654,395,0,0,23,4097,744,206,0,0,195,76,0,619,4903,43533,0,336,0,0,0,0,0,0,0,0,0
2026-01-01 18:30:00,4489,0,2649,504,4885,4621,395,0,0,23,4004,751,102,0,0,195,76,0,626,4893,43131,0,224,0,0,0,0,0,0,0,0,0
2026-01-01 19:00:00,4460,0,2663,518,5018,4659,395,0,0,23,3763,753,104,0,0,195,76,0,625,4289,43438,0,0,0,0,0,0,0,0,0,0,0
2026-01-01 19:30:00,4427,0,2609,530,5034,4669,395,0,0,23,2102,758,25,0,0,195,76,0,623,4294,44118,0,34,0,0,0,0,0,0,0,0,0
2026-01-01 20:00:00,4361,0,2466,528,4564,4514,395,0,0,23,524,765,35,0,0,195,76,0,633,5196,44195,0,200,0,0,0,0,0,0,0,0,0
2026-01-01 20:30:00,4363,0,2423,560,4528,4366,395,0,0,23,213,763,21,0,0,195,76,0,623,5333,44453,0,231,0,0,0,0,0,0,0,0,0
2026-01-01 21:00:00,4303,0,2458,588,4481,4168,396,0,0,23,661,761,52,0,0,195,76,0,631,5309,43229,0,548,0,0,0,0,0,0,0,0,0
2026-01-01 21:30:00,4283,0,2449,569,4482,4103,395,0,0,23,663,762,46,0,0,195,76,0,631,5208,42648,0,576,0,0,0,0,0,0,0,0,0
2026-01-01 22:00:00,4239,0,2492,569,4581,4186,396,0,0,23,1202,763,22,0,0,196,76,0,630,4822,40922,0,811,0,0,0,0,0,0,0,0,0
2026-01-01 22:30:00,4226,0,2455,605,4583,4293,395,0,0,23,295,777,13,0,0,196,76,0,629,4455,41568,0,659,0,0,0,0,0,0,0,0,0
2026-01-01 23:00:00,4185,0,2460,639,4306,4397,395,0,0,23,199,780,14,0,0,198,76,0,627,3859,41728,0,818,0,0,0,0,0,0,0,0,0
2026-01-01 23:30:00,4160,0,2472,644,4310,4427,395,0,0,23,41,792,13,0,0,203,76,0,631,3630,41877,0,740,0,0,0,0,0,0,0,0,0
2026-01-02 00:00:00,4109,0,2650,590,4601,4358,397,0,0,23,32,787,14,0,0,219,75,0,620,3520,41764,0,0,0,0,0,0,0,0,0,0,0
2026-01-02 00:30:00,4097,0,2693,618,4678,4561,397,0,0,23,299,790,13,0,0,218,75,0,619,3489,41876,0,0,0,0,0,0,0,0,0,0,0
2026-01-02 01:00:00,4080,0,2693,564,4497,4640,397,0,0,23,6,808,4,0,0,218,75,0,612,3524,41966,0,0,0,0,0,0,0,0,0,0,0
2026-01-02 01:30:00,4082,0,2654,581,4544,4594,397,0,0,23,0,817,4,0,0,218,75,0,601,3701,41995,0,0,0,0,0,0,0,0,0,0,0
2026-01-02 02:00:00,4069,0,2688,558,4432,4698,397,0,0,23,1,816,4,0,0,218,75,0,587,4010,42030,0,0,0,0,0,0,0,0,0,0,0
2026-01-02 02:30:00,4064,0,2684,528,4462,4790,397,0,0,23,0,820,4,0,0,218,75,0,608,4148,41932,0,0,0,0,0,0,0,0,0,0,0
2026-01-02 03:00:00,4061,0,2669,573,4529,4747,397,0,0,23,2,809,5,0,0,218,75,0,606,4157,41511,0,0,0,0,0,0,0,0,0,0,0
2026-01-02 03:30:00,4079,0,2673,580,4604,4810,397,0,0,23,0,805,5,0,0,218,75,0,609,4146,41154,0,0,0,0,0,0,0,0,0,0,0
2026-01-02 04:00:00,4090,0,2729,585,4836,4597,397,0,0,23,50,798,5,0,0,218,75,0,606,4336,40320,0,0,0,0,0,0,0,0,0,0,0
2026-01-02 04:30:00,4101,0,2711,563,4942,4492,397,0,0,23,49,800,6,0,0,219,75,0,609,4313,39528,0,0,0,0,0,0,0,0,0,0,0
2026-01-02 05:00:00,4122,0,2702,540,5213,4783,397,0,0,23,1,788,14,0,0,219,75,0,609,4292,39357,0,102,0,0,0,0,0,0,0,0,0
2026-01-02 05:30:00,4123,0,2732,584,5647,5177,397,0,0,23,40,780,14,0,0,219,75,0,617,4258,38834,0,236,0,0,0,0,0,0,0,0,0
2026-01-02 06:00:00,4166,0,2769,580,5782,5511,397,0,0,23,140,780,15,0,0,218,75,0,608,4008,38955,0,0,0,0,0,0,0,0,0,0,0
2026-01-02 06:30:00,4213,0,2910,554,6064,5792,397,0,0,23,396,774,90,0,0,218,75,0,598,3774,38923,0,0,0,0,0,0,0,0,0,0,91
2026-01-02 07:00:00,4295,0,3043,562,6562,6133,397,0,0,23,533,788,110,0,0,218,75,0,636,4006,38975,0,0,0,0,0,0,0,0,0,0,132
2026-01-02 07:30:00,4339,0,3235,545,6904,6381,397,0,0,23,1187,771,102,0,0,218,75,0,643,3719,39044,0,0,0,0,0,0,0,0,0,0,217
2026-01-02 08:00:00,4408,0,3620,558,7157,6344,397,0,0,23,1061,766,75,0,0,218,75,21,656,3884,38934,0,0,0,0,0,0,0,0,0,0,217
2026-01-02 08:30:00,4444,0,3589,596,7272,6293,397,0,0,23,986,775,33,0,0,218,75,316,648,3957,38269,0,0,0,0,0,0,0,0,0,0,217
2026-01-02 09:00:00,4434,0,3685,583,7336,6073,397,0,0,23,1599,807,150,0,0,218,75,1166,655,4252,37838,0,0,0,0,0,0,0,0,0,0,217
2026-01-02 09:30:00,4440,0,3784,569,7288,5911,397,0,0,23,2014,796,204,0,0,218,75,1875,645,4313,38399,0,0,0,0,0,0,0,0,0,0,209
2026-01-02 10:00:00,4396,0,3809,581,7245,5196,397,0,0,23,1047,810,158,0,0,218,75,2676,652,4604,39498,0,0,0,0,0,0,0,0,0,0,15
2026-01-02 10:30:00,4373,0,3789,597,7290,4738,397,0,0,23,750,805,28,0,0,218,75,3522,671,4782,39639,0,0,0,0,0,0,0,0,0,0,0
2026-01-02 11:00:00,4345,0,4128,580,7290,4431,397,0,0,23,1563,798,27,0,0,218,75,4392,673,4920,39275,0,0,0,0,0,0,0,0,0,0,0
2026-01-02 11:30:00,4350,0,4173,593,7311,4289,397,0,0,23,603,807,56,0,0,218,75,5169,656,5296,39181,0,0,0,0,0,0,0,0,0,0,0
2026-01-02 12:00:00,4297,0,4179,610,7365,4350,397,0,0,23,327,812,162,0,0,218,74,5414,650,5995,39104,0,0,0,0,0,0,0,0,0,0,8
2026-01-02 12:30:00,4293,0,3910,593,7311,4585,397,0,0,23,118,819,79,0,0,218,54,5435,660,5922,38954,0,0,0,0,0,0,0,0,0,0,59
2026-01-02 13:00:00,4273,0,3568,580,7266,5269,397,0,0,23,116,821,72,0,0,218,54,5317,664,5294,39273,0,0,0,0,4,0,0,0,0,0,206
2026-01-02 13:30:00,4288,0,3532,591,7386,5553,397,0,0,23,158,813,87,0,0,218,60,4812,666,4987,38889,0,0,0,0,0,0,0,0,0,0,217
2026-01-02 14:00:00,4301,0,3557,578,7568,5647,397,0,0,23,163,813,23,0,0,218,74,4136,669,4609,38563,0,0,0,0,0,0,0,0,0,0,217
2026-01-02 14:30:00,4323,0,3585,565,7739,5733,397,0,0,23,164,811,18,0,0,218,74,3262,666,4470,38649,0,0,0,0,0,0,0,0,478,0,206
2026-01-02 15:00:00,4365,0,3704,557,8175,5824,397,0,0,23,593,808,26,0,0,218,74,2126,666,3938,38373,0,0,0,0,212,0,0,0,1031,0,114
2026-01-02 15:30:00,4400,0,3860,531,8145,5931,397,0,0,23,1834,801,103,0,0,218,74,995,654,3904,38044,0,0,0,0,677,0,0,0,1353,0,34
2026-01-02 16:00:00,4492,0,4108,527,8281,5943,397,0,0,23,2556,799,45,0,0,218,74,183,667,4315,37481,0,0,0,0,713,0,0,0,1236,0,0
2026-01-02 16:30:00,4518,0,4135,564,8408,6028,397,0,0,23,2647,789,59,0,0,218,74,3,668,4308,37811,0,0,0,0,615,57,0,0,1394,0,12
2026-01-02 17:00:00,4556,0,4183,585,8424,6238,397,0,0,23,1718,802,55,0,0,218,74,0,664,4165,38277,0,0,0,0,101,541,0,0,1387,0,180
2026-01-02 17:30:00,4586,0,4300,603,8495,6330,397,0,0,23,1827,798,30,0,0,218,74,0,675,3853,38605,0,0,0,0,286,322,0,0,1310,0,180
2026-01-02 18:00:00,4595,0,4420,551,8567,6238,397,0,0,23,1845,795,28,0,0,218,74,0,673,3630,38851,0,0,0,0,660,0,0,0,1401,0,12
2026-01-02 18:30:00,4575,0,4580,559,8592,6218,397,0,0,23,1695,797,33,0,0,218,74,0,677,3647,39068,0,0,0,0,951,0,0,0,1404,0,0
2026-01-02 19:00:00,4536,0,4559,562,8580,6225,397,0,0,23,1300,772,54,0,0,218,71,0,665,3551,38537,0,0,0,0,726,0,0,0,1404,0,0
2026-01-02 19:30:00,4504,0,4668,572,8641,6048,397,0,0,23,754,765,34,0,0,218,65,0,660,3532,37862,0,0,0,0,840,0,0,0,1404,0,0
2026-01-02 20:00:00,4431,0,4796,575,8677,5880,397,0,0,23,1568,763,74,0,0,218,74,0,660,3913,37277,0,0,0,0,787,0,0,0,1404,0,16
2026-01-02 20:30:00,4394,0,4818,591,8649,5891,397,0,0,23,464,771,41,0,0,218,74,0,655,3910,36608,0,0,0,0,698,0,0,0,1404,0,209
2026-01-02 21:00:00,4311,0,4517,574,8568,5855,397,0,0,23,497,772,42,0,0,218,74,0,664,4210,35864,0,0,0,0,868,0,0,0,1404,0,217
2026-01-02 21:30:00,4292,0,4436,582,8525,5842,397,0,0,23,1019,773,67,0,0,218,74,0,661,4130,34774,0,0,0,0,758,0,0,0,1404,0,217
2026-01-02 22:00:00,4256,0,4661,618,8514,5713,397,0,0,23,1216,772,98,0,0,219,74,0,669,4176,33118,0,0,0,0,700,0,0,0,1404,0,217
2026-01-02 22:30:00,4238,0,4798,618,8399,5623,397,0,0,23,712,786,95,0,0,219,74,0,667,3693,32602,0,0,0,0,673,0,0,0,1404,0,217
2026-01-02 23:00:00,4191,0,4573,576,8112,5380,397,0,0,23,607,792,34,0,0,219,74,0,669,4166,32309,0,0,0,0,772,0,0,0,1404,0,217
2026-01-02 23:30:00,4170,0,4200,559,8064,5284,397,0,0,23,123,778,15,0,0,219,74,0,664,3647,32050,0,0,0,0,824,0,0,0,1404,0,217
2026-01-03 00:00:00,4119,0,3596,538,7402,4716,396,0,0,23,7,774,13,0,0,219,74,0,660,4995,31674,0,0,0,0,635,0,0,0,1404,0,217
2026-01-03 00:30:00,4109,0,3440,528,7111,4102,395,0,0,23,0,778,13,0,0,219,74,0,658,5374,31609,0,0,0,0,118,0,0,0,1404,0,217
2026-01-03 01:00:00,4087,0,3342,534,6934,3454,395,0,0,23,0,775,4,0,0,218,74,0,659,5485,31032,0,0,0,0,0,0,0,0,1404,0,217
2026-01-03 01:30:00,4088,0,3321,567,6947,3097,395,0,0,23,1,774,4,0,0,219,74,0,660,5748,30547,0,0,0,0,0,0,0,0,1324,0,217
2026-01-03 02:00:00,4075,0,3298,604,7077,2693,396,0,0,23,50,770,4,0,0,219,74,0,658,5053,29838,0,0,0,2,0,0,0,0,1348,0,217
2026-01-03 02:30:00,4069,0,3313,613,7034,2616,395,0,0,23,12,762,7,0,0,219,74,0,661,4773,28832,0,0,0,119,0,0,0,0,1148,0,217
2026-01-03 03:00:00,4062,0,3311,596,6911,2379,395,0,0,23,10,766,14,0,0,219,74,0,657,3906,28162,0,0,0,194,0,0,0,0,1282,0,217
2026-01-03 03:30:00,4064,0,3350,584,6978,2285,395,0,0,23,40,757,12,0,0,219,74,0,658,3731,28055,0,0,0,224,0,0,0,0,1130,0,217
2026-01-03 04:00:00,4079,0,3320,584,6938,2082,396,0,0,23,3,741,4,0,0,219,74,0,651,3702,28683,0,0,0,0,32,109,0,0,1096,0,217
2026-01-03 04:30:00,4088,0,3315,564,6970,2154,395,0,0,23,0,743,4,0,0,223,74,0,655,3472,28831,0,0,0,0,213,352,0,0,1127,0,217
2026-01-03 05:00:00,4107,0,3315,576,7110,2252,395,0,0,23,0,745,13,0,0,237,74,0,657,3708,29024,0,0,0,0,743,441,0,0,1237,0,217
2026-01-03 05:30:00,4129,0,3335,615,7203,2262,395,0,0,23,13,762,15,0,0,237,74,0,657,3030,28494,0,0,0,0,1097,638,0,29,1326,0,217
2026-01-03 06:00:00,4181,0,3389,603,7702,2264,395,0,0,23,5,757,42,0,0,252,74,0,655,3180,29063,0,0,0,0,821,305,0,0,1318,0,217
2026-01-03 06:30:00,4215,0,3466,597,8147,2294,395,0,0,23,3,744,72,0,0,256,74,0,645,3194,28767,0,0,0,0,1011,445,0,0,1377,0,217
2026-01-03 07:00:00,4292,0,3700,600,8311,2434,395,0,0,23,2,749,129,0,0,273,74,0,649,3011,28304,0,0,0,0,1202,509,0,0,1171,0,217
2026-01-03 07:30:00,4341,0,3892,579,8561,2446,395,0,0,23,5,741,110,0,0,275,74,0,646,2507,27824,0,0,0,0,1570,783,0,0,1309,0,217
2026-01-03 08:00:00,4406,0,4363,558,8853,2460,396,0,0,23,53,759,109,0,0,292,74,39,643,2533,27754,0,0,0,0,2453,307,0,0,1402,0,217
2026-01-03 08:30:00,4437,0,4771,578,8990,2440,395,0,0,23,109,766,14,0,0,295,74,384,648,2163,27507,0,0,0,0,2695,550,0,0,1382,0,217
2026-01-03 09:00:00,4429,0,4939,576,9309,2392,395,0,0,23,232,786,19,0,0,311,74,1058,659,2090,27029,0,0,0,0,1759,872,0,0,1101,0,217
2026-01-03 09:30:00,4406,0,5032,605,9295,2437,395,0,0,23,253,797,29,0,0,313,74,1920,661,2405,27053,0,0,0,0,1361,826,0,0,945,0,217
2026-01-03 10:00:00,4371,0,5140,603,9310,2543,395,0,0,23,218,815,15,0,0,304,74,2978,659,3294,26993,0,0,0,17,941,728,0,0,358,0,217
2026-01-03 10:30:00,4366,0,5128,640,9331,2520,395,0,0,23,187,834,20,0,0,302,74,4106,669,3919,26487,0,0,0,168,959,641,0,0,62,39,214
2026-01-03 11:00:00,4349,0,4991,629,9315,2480,395,0,0,23,163,850,24,0,0,315,74,5439,681,4351,26363,0,0,0,0,683,889,0,0,297,0,217
2026-01-03 11:30:00,4350,0,4896,629,9343,2439,395,0,0,23,167,852,24,0,0,317,74,6647,680,4986,26388,0,0,0,0,721,953,0,0,244,0,217
2026-01-03 12:00:00,4296,0,4798,635,9236,2417,395,0,0,23,48,850,35,0,0,316,74,7384,675,6044,26456,0,0,0,0,555,898,0,0,221,0,217
2026-01-03 12:30:00,4297,0,4739,620,9176,2420,395,0,0,23,0,843,41,0,0,317,74,7597,675,6118,26257,0,0,0,0,387,1134,0,0,58,0,217
2026-01-03 13:00:00,4289,0,4728,621,9147,2415,395,0,0,23,20,831,46,0,0,314,74,7515,675,6855,26393,0,0,0,0,266,1132,0,0,132,0,217
2026-01-03 13:30:00,4277,0,4761,615,9294,2415,395,0,0,23,33,830,47,0,0,313,74,6823,662,7064,26373,0,0,0,0,271,1494,0,0,67,0,217
2026-01-03 14:00:00,4289,0,5033,604,9351,2385,395,0,0,23,56,820,33,0,0,313,74,5715,666,6810,26350,0,0,0,0,345,1674,0,0,547,0,217
2026-01-03 14:30:00,4304,0,5051,612,9423,2434,395,0,0,23,76,821,30,0,0,313,74,4295,662,7069,26312,0,0,0,0,313,2106,0,0,945,0,217
2026-01-03 15:00:00,4314,0,5524,592,9782,2666,395,0,0,23,269,809,28,0,0,316,74,2637,659,6966,25915,0,0,0,0,539,2131,0,0,1002,0,217
2026-01-03 15:30:00,4342,0,6205,589,9827,2774,395,0,0,23,825,792,93,0,0,317,74,1184,660,7115,26188,0,0,0,0,249,2546,0,0,431,0,217
2026-01-03 16:00:00,4417,0,6599,542,9958,2841,395,0,0,23,1442,796,121,0,0,317,74,170,661,7098,27048,0,0,0,0,0,2487,0,43,14,0,215
2026-01-03 16:30:00,4462,0,6616,543,9994,2931,395,0,0,23,1703,797,68,0,0,317,74,3,663,7474,27313,0,0,0,0,0,2650,0,0,9,0,93
2026-01-03 17:00:00,4530,0,6641,568,10142,3091,395,0,0,23,2677,804,56,0,0,317,74,0,667,7748,27832,0,0,0,0,0,2329,0,0,0,0,33
2026-01-03 17:30:00,4531,0,6552,599,10147,3117,395,0,0,23,2572,794,44,0,0,317,74,0,667,7528,29019,0,0,0,0,0,1863,0,0,0,0,47
2026-01-03 18:00:00,4545,0,6503,604,10098,3118,395,0,0,23,3146,791,77,0,0,317,74,0,669,7235,29864,0,0,0,0,0,1377,0,0,84,0,187
2026-01-03 18:30:00,4536,0,6444,613,10015,3117,395,0,0,23,2114,787,32,0,0,316,74,0,668,6793,31242,0,0,0,0,0,1058,0,0,157,0,216
2026-01-03 19:00:00,4516,0,6173,616,10007,3039,395,0,0,23,1696,798,51,0,0,317,74,0,660,6122,32588,0,0,0,0,0,723,0,0,288,0,217
2026-01-03 19:30:00,4487,0,5913,608,9872,2977,396,0,0,23,653,789,134,0,0,317,74,0,660,6067,33145,0,0,0,0,0,756,0,0,214,0,217
2026-01-03 20:00:00,4389,0,5498,616,9686,2792,396,0,0,23,681,771,164,0,0,317,74,0,659,5328,31935,0,0,0,0,0,1086,0,0,584,0,217
2026-01-03 20:30:00,4355,0,5453,625,9648,2676,395,0,0,23,584,768,110,0,0,316,74,0,653,5652,30531,0,0,0,0,34,825,0,0,627,0,217
2026-01-03 21:00:00,4308,0,5525,541,9721,2631,396,0,0,23,1701,768,91,0,0,317,74,0,664,5263,29796,0,0,0,0,0,807,0,0,615,0,217
2026-01-03 21:30:00,4293,0,5630,528,9666,2596,395,0,0,23,777,770,60,0,0,317,74,0,658,5227,29394,0,0,0,0,196,822,0,0,687,0,215
2026-01-03 22:00:00,4242,0,5881,530,9596,2614,396,0,0,23,1028,777,89,0,0,316,74,0,659,5205,28620,0,0,0,0,859,789,0,0,943,0,217
2026-01-03 22:30:00,4220,0,5634,540,9605,2610,395,0,0,23,209,775,36,0,0,317,74,0,659,4944,28911,0,0,0,0,1047,427,0,0,912,0,217
2026-01-03 23:00:00,4170,0,4814,536,9484,2577,395,0,0,23,69,771,27,0,0,317,74,0,661,4435,28711,0,0,0,0,1248,541,0,0,845,0,217
2026-01-03 23:30:00,4166,0,4486,544,9534,2560,395,0,0,23,156,764,20,0,0,315,74,0,659,4104,28263,0,0,0,0,1289,463,0,0,343,0,217
2026-01-04 00:00:00,4111,0,4595,538,9032,2205,396,0,0,23,187,765,17,0,0,315,74,0,628,4002,27817,0,0,0,0,1241,265,0,0,215,0,217
2026-01-04 00:30:00,4095,0,4476,536,9053,2132,396,0,0,23,210,766,14,0,0,315,74,0,637,3673,27504,0,0,0,0,1366,20,0,0,228,0,217
2026-01-04 01:00:00,4077,0,4564,563,8884,2198,396,0,0,23,96,754,5,0,0,315,74,0,641,3318,26896,0,0,0,0,1303,0,0,0,357,0,217
2026-01-04 01:30:00,4086,0,4578,577,8896,2160,396,0,0,23,59,752,4,0,0,315,74,0,642,3076,26533,0,0,0,0,1430,0,0,0,244,0,217
2026-01-04 02:00:00,4076,0,4445,563,9318,1963,396,0,0,23,36,762,5,0,0,315,74,0,645,2737,26170,0,0,0,0,1361,0,0,0,606,0,217
2026-01-04 02:30:00,4077,0,4432,546,9274,2001,396,0,0,23,58,764,4,0,0,315,74,0,644,3057,25229,0,0,0,0,1767,0,0,0,455,0,217
2026-01-04 03:00:00,4036,0,4550,535,9254,2002,396,0,0,23,1,765,4,0,0,315,74,0,648,3713,24589,0,0,0,0,1927,0,0,0,781,0,217
2026-01-04 03:30:00,4030,0,4672,563,9235,1999,396,0,0,23,1,758,4,0,0,316,74,0,646,3945,24097,0,0,0,0,2167,182,0,0,143,0,217
2026-01-04 04:00:00,4001,0,4629,589,8921,2012,396,0,0,23,0,755,7,0,0,318,74,0,646,3215,23415,0,0,0,0,2283,365,0,0,0,0,217
2026-01-04 04:30:00,3966,0,4646,586,8775,2001,396,0,0,23,130,758,6,0,0,318,74,0,647,2963,23004,0,0,0,0,2551,189,0,0,58,0,217
2026-01-04 05:00:00,3993,0,4886,589,9174,2029,396,0,0,23,388,759,25,0,0,319,74,0,642,2933,22822,0,0,0,0,2513,121,0,0,190,0,217
2026-01-04 05:30:00,4008,0,4796,604,9225,2028,396,0,0,23,87,765,32,0,0,319,74,0,636,2700,22409,0,0,0,0,2348,162,0,0,554,0,217
2026-01-04 06:00:00,4057,0,4720,569,9282,2035,396,0,0,23,94,759,27,0,0,319,74,0,642,2397,22712,0,0,0,0,1700,55,0,176,527,0,217
2026-01-04 06:30:00,4091,0,4995,550,9339,2035,396,0,0,23,88,765,25,0,0,319,74,0,634,2351,22026,0,0,0,0,1834,112,0,27,574,0,217
2026-01-04 07:00:00,4173,0,5335,518,9504,2034,396,0,0,23,188,758,22,0,0,319,74,0,628,2367,21432,0,0,0,0,1409,143,0,411,345,0,217
2026-01-04 07:30:00,4220,0,5558,576,9582,2041,396,0,0,23,333,765,20,0,0,319,74,0,619,2197,21265,0,0,0,0,1585,162,0,82,480,0,217
2026-01-04 08:00:00,4285,0,5794,634,9614,2045,396,0,0,23,62,759,23,0,0,319,74,71,615,2042,21348,0,0,0,0,1368,545,0,449,482,0,217
2026-01-04 08:30:00,4306,0,6293,644,9600,1985,396,0,0,23,19,764,25,0,0,319,74,663,621,2002,21431,0,0,0,0,1605,496,0,0,605,40,217
2026-01-04 09:00:00,4297,0,6733,630,9648,1937,396,0,0,23,2,789,20,0,0,319,74,1671,631,2151,21114,0,0,0,90,975,608,0,0,641,380,217
2026-01-04 09:30:00,4312,0,6981,648,9628,1993,396,0,0,23,68,795,30,0,0,319,74,2786,635,2026,20899,0,0,0,45,438,806,0,0,782,426,209
2026-01-04 10:00:00,4335,0,7644,669,9671,2139,396,0,0,23,513,813,17,0,0,318,74,4057,635,2025,20916,0,0,0,77,0,503,0,0,626,456,15
2026-01-04 10:30:00,4335,0,7577,689,9650,2114,396,0,0,23,83,835,14,0,0,318,74,5326,635,2168,21062,0,0,0,237,0,690,0,0,576,778,0
2026-01-04 11:00:00,4324,0,7558,671,9712,2204,396,0,0,23,78,838,20,0,0,318,74,6628,636,2103,20806,0,0,0,114,0,1026,0,0,525,680,0
2026-01-04 11:30:00,4336,0,7635,651,9689,2197,396,0,0,23,111,838,14,0,0,318,74,7762,635,1985,20490,0,0,0,206,0,1078,0,0,118,889,0
2026-01-04 12:00:00,4272,0,7871,639,9742,2228,396,0,0,23,121,841,13,0,0,318,74,8670,639,1919,20228,0,0,0,0,0,1206,0,363,0,161,0
2026-01-04 12:30:00,4268,0,7925,649,9710,2450,396,0,0,23,53,858,13,0,0,318,74,9047,640,2002,20047,0,0,0,0,0,1309,0,491,0,0,0
2026-01-04 13:00:00,4258,0,7931,661,9399,2685,396,0,0,23,94,852,14,0,0,318,74,8784,633,2070,19769,0,183,0,0,0,1746,0,971,0,0,0
2026-01-04 13:30:00,4250,0,8057,661,9455,2771,396,0,0,23,73,844,15,0,0,318,74,7867,632,2097,19723,0,524,0,0,0,2203,0,945,0,0,0
2026-01-04 14:00:00,4244,0,8156,661,10127,2854,396,0,0,23,101,826,15,0,0,318,74,6513,634,2113,19109,0,941,0,0,0,2322,0,1114,324,0,0
2026-01-04 14:30:00,4260,0,8322,651,10789,2899,396,0,0,23,417,820,28,0,0,318,74,4814,631,2150,18673,0,994,0,0,0,2460,0,1777,295,0,0
2026-01-04 15:00:00,4317,0,8777,640,11755,3364,397,0,0,23,232,818,24,0,0,319,74,3111,631,2206,17854,0,897,0,0,0,2762,0,2071,366,0,0
2026-01-04 15:30:00,4355,0,9110,626,12149,3770,396,0,0,23,200,814,25,0,0,319,74,1463,635,2384,17580,0,421,0,0,0,3080,0,2834,324,0,0
2026-01-04 16:00:00,4427,0,9187,639,13170,4231,396,0,0,23,419,795,61,0,0,319,74,294,640,2797,17465,0,320,0,0,0,3238,0,2677,551,0,0
2026-01-04 16:30:00,4474,0,9254,639,13419,4747,396,0,0,23,1410,785,77,0,0,319,74,9,641,2675,17499,0,0,0,0,0,3116,0,2833,382,0,0
2026-01-04 17:00:00,4520,0,9314,639,13535,5024,396,0,0,23,1437,783,67,0,0,319,74,0,639,2524,17563,0,553,0,0,0,2637,0,1300,276,0,0
2026-01-04 17:30:00,4547,0,9322,653,13575,5106,396,0,0,23,3836,780,67,0,0,319,74,0,634,3003,17532,0,346,0,0,0,2057,0,838,232,0,0
2026-01-04 18:00:00,4528,0,9305,643,13603,5133,396,0,0,23,4203,763,137,0,0,319,74,0,642,3038,17312,0,391,0,0,0,1726,0,1174,0,0,0
2026-01-04 18:30:00,4516,0,9350,628,13584,5141,396,0,0,23,3545,763,114,0,0,319,74,0,645,3242,17396,0,178,0,0,0,1359,0,1179,79,0,0
2026-01-04 19:00:00,4488,0,9359,631,13573,5149,396,0,0,23,3587,758,67,0,0,319,74,0,637,2840,17351,0,99,0,0,0,935,0,1502,557,0,0
2026-01-04 19:30:00,4466,0,9453,622,13600,5139,396,0,0,23,2834,766,93,0,0,319,74,0,643,2887,17312,0,37,0,0,0,836,0,1531,607,0,0
2026-01-04 20:00:00,4392,0,9471,605,13649,5143,396,0,0,23,1871,773,70,0,0,318,74,0,652,2723,16994,0,63,0,0,0,969,0,1819,567,0,0
2026-01-04 20:30:00,4364,0,9494,627,13661,5143,396,0,0,23,783,776,43,0,0,318,74,0,652,2343,16911,0,24,0,0,0,884,0,1794,576,0,0
2026-01-04 21:00:00,4294,0,9508,661,13634,5119,396,0,0,23,1409,784,64,0,0,318,74,0,656,2239,16929,0,0,0,0,0,1088,0,2150,716,0,0
2026-01-04 21:30:00,4266,0,9663,664,13615,5114,396,0,0,23,598,785,47,0,0,318,74,0,660,2324,16773,0,0,0,0,0,1296,0,2536,565,0,0
2026-01-04 22:00:00,4201,0,9592,655,13555,4909,396,0,0,23,624,775,99,0,0,317,74,0,658,2372,15886,0,0,0,0,0,1410,0,3159,620,0,10
2026-01-04 22:30:00,4190,0,9383,660,13486,4737,396,0,0,23,502,770,97,0,0,317,74,0,658,2230,15272,0,0,0,0,34,1142,0,3028,702,0,92
2026-01-04 23:00:00,4148,0,8969,665,13344,4632,396,0,0,23,563,767,104,0,0,309,74,0,658,2844,14800,0,0,0,0,604,1095,0,2864,767,0,10
2026-01-04 23:30:00,4135,0,8716,641,13227,4582,396,0,0,23,84,774,14,0,0,308,76,0,659,2242,14705,0,0,0,0,728,970,0,3026,821,0,8
2026-01-05 00:00:00,4100,0,8555,604,13343,4155,406,0,0,23,428,785,16,0,0,309,74,0,683,1791,14468,0,151,0,0,107,1248,0,2867,1054,0,53
2026-01-05 00:30:00,4094,0,8480,647,13306,3871,406,0,0,23,79,782,14,0,0,309,74,0,652,2205,14223,0,323,0,0,336,1443,0,2181,854,0,66
2026-01-05 01:00:00,4073,0,8368,653,13219,3812,407,0,0,23,17,770,6,0,0,309,77,0,650,1887,14263,0,244,0,0,234,1369,0,2438,793,0,204
2026-01-05 01:30:00,4069,0,8360,659,13183,3869,406,0,0,23,17,781,10,0,0,309,77,0,656,1687,14190,0,97,0,0,467,1277,0,2423,680,0,217
2026-01-05 02:00:00,4064,0,8432,658,13159,3747,406,0,0,23,118,797,14,0,0,309,77,0,647,2105,13815,0,24,0,0,501,1331,0,2500,847,0,217
2026-01-05 02:30:00,4063,0,8448,669,13098,3730,406,0,0,23,95,790,5,0,0,309,77,0,648,1768,13877,0,127,0,0,688,1323,0,2646,681,0,217
2026-01-05 03:00:00,4049,0,8512,675,13136,3819,406,0,0,23,19,782,4,0,0,309,77,0,641,1852,13988,0,3,0,0,501,1404,0,2753,316,0,217
2026-01-05 03:30:00,4053,0,8425,668,13235,3980,406,0,0,23,18,776,5,0,0,310,77,0,637,1993,13677,0,93,0,0,654,1438,0,3074,310,0,209
2026-01-05 04:00:00,4063,0,8332,657,13376,4263,406,0,0,23,31,774,21,0,0,317,77,0,632,1970,13279,0,30,0,0,1367,1350,0,3185,472,0,15
2026-01-05 04:30:00,4076,0,8556,669,13327,4603,406,0,0,23,17,785,29,0,0,318,77,0,641,2076,13137,0,197,0,0,1678,1529,0,2876,469,0,0
2026-01-05 05:00:00,4097,0,8890,662,13450,5042,406,0,0,23,22,774,31,0,0,320,77,0,641,2630,13150,0,164,0,0,1693,1338,0,2537,568,0,0
2026-01-05 05:30:00,4104,0,9286,659,13466,5724,406,0,0,23,18,767,35,0,0,320,77,0,639,1892,13012,0,454,0,0,1476,1776,0,3173,751,0,0
2026-01-05 06:00:00,4159,0,10149,651,14154,6326,409,0,0,23,66,756,34,0,0,320,77,0,639,1764,12869,0,555,0,0,2080,1875,0,2650,947,0,0
2026-01-05 06:30:00,4182,0,10901,654,14436,6732,407,0,0,23,355,765,44,0,0,320,77,0,637,1524,12693,0,526,0,0,1847,1731,0,2435,773,0,0
2026-01-05 07:00:00,4270,0,11180,648,14810,6902,406,0,0,23,628,766,83,0,0,320,77,0,639,1596,12527,0,581,216,0,1721,1609,0,1608,392,0,0
2026-01-05 07:30:00,4313,0,11413,657,15174,6992,406,0,0,23,1332,770,176,0,0,320,77,0,642,1650,12728,0,635,876,0,423,1521,0,1420,612,0,0
2026-01-05 08:00:00,4368,0,11397,643,15431,7020,406,0,0,23,2697,761,133,0,0,320,77,29,637,1540,12785,409,811,1664,0,0,1487,0,188,427,0,0
2026-01-05 08:30:00,4393,0,11488,653,15517,7086,406,0,0,23,3423,769,321,0,0,321,77,501,630,2600,12788,299,429,1587,0,0,1427,0,0,618,0,0
2026-01-05 09:00:00,4395,0,11543,662,15687,7250,406,0,0,23,4025,794,539,0,0,321,77,1629,636,2692,12020,182,55,1576,0,0,1136,0,0,532,0,0
2026-01-05 09:30:00,4409,0,11549,714,15886,7265,406,0,0,23,4084,795,632,0,0,321,74,2981,637,2315,11270,57,246,1477,0,0,1280,0,113,383,0,0
2026-01-05 10:00:00,4388,0,11509,810,15997,7171,406,0,0,23,3982,806,651,0,0,321,74,4499,635,1866,10837,0,766,1585,0,0,1298,0,0,102,0,0
2026-01-05 10:30:00,4389,0,11518,858,16097,7197,406,0,0,23,3542,800,684,0,0,321,74,6052,636,2061,10358,0,986,1610,0,0,1347,0,0,0,0,0
2026-01-05 11:00:00,4349,0,11618,854,16208,7234,406,0,0,23,2375,794,523,0,0,321,74,7449,641,2284,10066,0,927,2052,0,0,2008,0,40,0,0,0
2026-01-05 11:30:00,4345,0,11659,836,16296,7149,406,0,0,23,1825,805,456,0,0,321,74,8523,622,2583,9567,0,703,2088,0,0,2157,0,461,0,0,0
2026-01-05 12:00:00,4280,0,11439,815,16332,7248,406,0,0,23,1548,816,385,0,0,320,74,9230,634,2439,9021,0,870,1952,0,0,2196,0,820,0,0,0
2026-01-05 12:30:00,4280,0,11256,821,16348,7299,406,0,0,23,1666,823,568,0,0,319,74,9347,647,2277,8626,0,740,1715,0,0,2363,0,1392,0,0,0
2026-01-05 13:00:00,4266,0,11222,809,16390,7304,406,0,0,23,1813,831,557,0,0,320,74,8964,643,2517,8220,0,580,1457,0,0,2911,0,1695,0,0,0
2026-01-05 13:30:00,4270,0,11239,820,16451,7308,406,0,0,23,1621,853,550,0,0,320,74,8198,640,2127,7693,0,748,1567,0,0,3035,0,2061,0,0,0
2026-01-05 14:00:00,4276,0,11208,786,16503,7321,406,0,0,23,2131,886,564,0,0,320,74,7025,641,1986,7533,0,666,2027,0,0,2675,0,2216,0,0,0
2026-01-05 14:30:00,4280,0,11144,806,16610,7318,406,0,0,23,2594,916,403,0,0,319,74,5457,639,1892,7351,0,873,2271,0,0,2879,0,2349,0,0,0
2026-01-05 15:00:00,4314,0,11204,806,16687,7325,425,0,0,23,3108,947,373,0,0,319,74,3630,638,1925,7252,337,1006,2580,0,0,2856,0,1756,142,0,0
2026-01-05 15:30:00,4339,0,11223,797,16727,7330,563,0,0,23,4385,947,423,0,0,319,74,1746,653,1875,7825,448,967,2380,0,0,2893,0,1266,514,0,0
2026-01-05 16:00:00,4390,0,11191,812,16764,7338,563,0,0,23,3931,973,587,0,0,319,74,361,651,1872,8426,809,787,2884,0,0,2819,0,1197,487,0,0
2026-01-05 16:30:00,4365,0,11122,827,16800,7331,563,0,0,23,5851,972,616,0,0,319,74,9,636,1965,8894,1011,831,3006,0,0,2565,0,918,462,0,0
2026-01-05 17:00:00,4462,0,11180,869,16902,7348,599,0,0,23,6311,981,645,0,0,320,74,0,644,1977,9161,1151,636,2825,0,0,2049,0,0,260,0,0
2026-01-05 17:30:00,4495,0,11202,892,16988,7334,654,0,0,23,6377,1000,687,0,0,320,74,0,654,2169,9389,1201,295,2690,0,0,1686,0,0,535,0,0
2026-01-05 18:00:00,4518,0,11214,927,16987,7344,610,0,0,23,6147,998,605,0,0,320,74,0,662,2223,9435,1298,216,2762,0,0,1341,0,685,277,0,0
2026-01-05 18:30:00,4514,0,11203,908,16977,7346,563,0,0,23,6032,1013,643,0,0,320,74,0,661,2411,9431,1350,297,2667,0,0,798,0,726,252,0,0
2026-01-05 19:00:00,4491,0,11222,903,16949,7326,563,0,0,23,5165,1033,569,0,0,321,74,0,662,2397,9360,1047,568,2395,0,0,821,0,766,407,0,0
2026-01-05 19:30:00,4457,0,11195,855,16846,7316,537,0,0,23,4459,1052,467,0,0,320,74,0,648,2250,9372,1047,578,2413,0,0,1215,0,1144,294,0,0
2026-01-05 20:00:00,4388,0,11173,849,16549,7332,406,0,0,23,2921,1049,409,0,0,320,74,0,653,2763,9510,609,744,2262,0,0,1688,0,1037,706,0,0
2026-01-05 20:30:00,4366,0,11165,800,16254,7326,406,0,0,23,1664,1077,422,0,0,320,74,0,646,2522,9529,451,788,1999,0,0,1640,0,1072,894,0,0
2026-01-05 21:00:00,4306,0,10957,725,16005,7311,406,0,0,23,1783,1100,412,0,0,320,74,0,664,2336,9211,62,534,1287,0,0,1822,0,2509,689,0,0
2026-01-05 21:30:00,4293,0,10994,669,15727,7306,406,0,0,23,392,1126,434,0,0,319,74,0,670,2179,9061,332,717,1077,0,0,1685,0,2592,607,0,0
2026-01-05 22:00:00,4242,0,11076,678,15456,7301,406,0,0,23,608,1133,407,0,0,319,74,0,662,1978,8817,0,560,440,0,0,1484,0,2692,704,0,0
2026-01-05 22:30:00,4226,0,11136,689,15293,7296,406,0,0,23,539,1149,463,0,0,319,74,0,659,1711,8427,0,29,76,426,0,613,0,2464,718,0,0
2026-01-05 23:00:00,4178,0,11133,670,14842,7280,406,0,0,23,323,1146,404,0,0,318,74,0,656,1560,8079,0,537,0,542,300,938,0,2305,813,0,0
2026-01-05 23:30:00,4163,0,11158,668,14761,7276,406,0,0,23,341,1150,442,0,0,318,74,0,652,1353,7694,0,360,0,897,564,822,0,2455,760,0,0
2026-01-06 00:00:00,4131,0,11181,601,14904,7107,407,0,0,23,217,1156,238,0,0,318,75,0,701,1476,7402,0,140,0,711,166,1407,0,4347,1168,0,0
2026-01-06 00:30:00,4120,0,11178,629,14876,6987,406,0,0,23,138,1160,305,0,0,317,75,0,706,1546,7128,0,524,0,531,633,1594,0,4046,1130,0,0
2026-01-06 01:00:00,4101,0,11175,643,14909,7000,407,0,0,23,458,1169,385,0,0,317,75,0,703,1470,6842,0,602,0,564,559,820,0,3516,1044,0,0
2026-01-06 01:30:00,4110,0,11163,657,14974,7003,407,0,0,23,220,1173,360,0,0,317,75,0,710,1286,6515,0,628,0,824,321,970,0,3529,994,0,0
2026-01-06 02:00:00,4094,0,11152,666,14925,7007,406,0,0,23,150,1170,291,0,0,316,75,0,702,1135,6144,0,358,0,1103,0,1421,0,4460,864,0,0
2026-01-06 02:30:00,4091,0,11143,664,14710,7012,406,0,0,23,148,1166,345,0,0,315,75,0,703,1049,5845,0,125,0,1176,0,1587,0,4829,816,0,0
2026-01-06 03:00:00,4076,0,11156,673,14940,6996,406,0,0,23,200,1168,349,0,0,315,75,0,701,953,5552,0,160,0,1185,0,1663,0,4545,860,0,0
2026-01-06 03:30:00,4071,0,11155,700,15052,6993,406,0,0,23,184,1157,354,0,0,316,75,0,696,775,5322,0,71,0,1310,0,1863,0,4335,865,0,0
2026-01-06 04:00:00,4072,0,11164,695,15194,7003,406,0,0,23,168,1153,416,0,0,317,75,0,685,670,5180,0,169,0,1407,34,1824,0,4345,935,0,0
2026-01-06 04:30:00,4084,0,11172,671,15316,7011,406,0,0,23,243,1132,442,0,0,318,75,0,690,638,5006,0,375,0,1252,116,1872,0,4297,925,0,0
2026-01-06 05:00:00,4105,0,11193,661,15785,7030,406,0,0,23,162,1120,468,0,0,318,74,0,691,826,4826,0,589,0,1201,0,1799,0,4192,1052,0,0
2026-01-06 05:30:00,4118,0,11248,668,15895,7076,406,0,0,23,228,1107,517,0,0,319,74,0,690,546,4667,32,601,0,1077,29,1748,0,4312,1038,0,14
2026-01-06 06:00:00,4155,0,11237,700,16175,7158,407,0,0,23,323,1113,317,0,0,318,74,0,689,559,4529,676,306,134,1072,19,1501,0,4029,1092,0,99
2026-01-06 06:30:00,4176,0,11195,756,16269,7291,406,0,0,23,504,1111,332,0,0,318,74,0,684,975,4345,1051,169,823,965,0,1495,0,3630,968,0,0
2026-01-06 07:00:00,4248,0,11195,741,16780,7300,406,0,0,23,805,1106,336,0,0,318,74,0,684,1134,4228,1858,0,1694,1502,0,1168,0,2043,894,613,0
2026-01-06 07:30:00,4312,0,11218,668,16998,7293,406,0,0,23,1706,1120,369,0,0,317,58,0,691,1152,4127,1915,129,1946,1645,0,1083,0,1462,868,905,0
2026-01-06 08:00:00,4364,0,11236,681,17096,7319,561,0,0,23,3431,1124,695,0,0,317,54,50,691,950,3960,2143,0,1871,2480,0,152,0,131,907,1231,0
2026-01-06 08:30:00,4401,0,11244,685,17151,7327,592,0,0,23,4578,1131,711,0,0,317,54,486,688,1376,3845,2068,0,1858,2418,0,95,0,28,930,1265,0
2026-01-06 09:00:00,4407,0,11273,692,17169,7326,592,0,0,23,5708,1159,808,0,0,318,54,1306,691,1455,3848,1677,0,1630,2133,0,0,0,0,1182,1107,0
2026-01-06 09:30:00,4414,0,11248,776,17245,7335,592,0,0,23,5951,1156,882,0,0,320,54,2301,686,1442,3867,1508,0,1736,2096,0,17,0,0,979,880,0
2026-01-06 10:00:00,4404,0,11249,858,17320,7329,592,0,0,23,5468,1161,759,0,0,320,54,3411,688,1847,3771,1503,0,2011,2125,0,4,0,0,513,1127,0
2026-01-06 10:30:00,4399,0,11240,793,17302,7337,590,0,0,23,4548,1155,670,0,0,320,54,4553,688,2236,3759,1329,0,2008,2208,0,0,0,0,530,1484,0
2026-01-06 11:00:00,4368,0,11235,782,17337,7340,429,0,0,23,4372,1147,634,0,0,320,54,5469,680,2491,3947,1000,0,2010,1616,0,649,0,0,245,1023,0
2026-01-06 11:30:00,4370,0,11275,812,17366,7339,406,0,0,23,3873,1164,706,0,0,321,54,5918,678,2144,4007,845,222,2165,1367,0,782,0,52,379,701,0
2026-01-06 12:00:00,4307,0,11247,768,17377,7339,406,0,0,23,3379,1169,682,0,0,321,54,6125,686,2372,4158,698,352,2247,1051,0,1110,0,642,703,606,0
2026-01-06 12:30:00,4283,0,11269,726,17367,7350,406,0,0,23,2097,1177,614,0,0,320,54,6112,692,2850,4377,553,143,2453,699,0,1394,0,905,778,110,0
2026-01-06 13:00:00,4265,0,11250,731,17285,7337,406,0,0,23,2035,1190,578,0,0,320,62,5703,684,2671,4690,543,450,2396,391,0,1893,0,1425,870,53,0
2026-01-06 13:30:00,4275,0,11224,733,17312,7335,406,0,0,23,1777,1188,564,0,0,320,72,4895,687,2888,4893,694,447,2453,303,0,2027,0,1190,817,0,0
2026-01-06 14:00:00,4279,0,11183,731,17325,7315,406,0,0,23,1227,1172,556,0,0,319,74,3886,686,3433,5132,879,347,2240,324,0,2265,0,1738,208,0,0
2026-01-06 14:30:00,4296,0,11191,740,17325,7299,406,0,0,23,1320,1165,583,0,0,319,74,2608,698,3245,5493,1012,533,2385,208,0,2318,0,2367,64,0,0
2026-01-06 15:00:00,4322,0,11224,732,17325,7293,406,0,0,23,1502,1170,508,0,0,319,74,1447,709,3371,5896,1155,677,2552,2,0,2362,0,2642,422,0,0
2026-01-06 15:30:00,4352,0,11237,738,17345,7280,406,0,0,23,1973,1176,643,0,0,319,74,652,700,3428,6255,1076,720,2624,0,0,2386,0,2191,381,0,0
2026-01-06 16:00:00,4423,0,11213,733,17375,7272,406,0,0,23,2611,1172,674,0,0,319,74,147,703,2851,6722,1195,87,2747,12,0,2230,0,2421,288,0,0
2026-01-06 16:30:00,4465,0,11225,728,17456,7277,406,0,0,23,3593,1164,695,0,0,320,74,9,712,3116,7302,1226,216,2648,0,0,2248,0,2245,247,0,0
2026-01-06 17:00:00,4510,0,11240,731,17504,7285,470,0,0,23,4244,1172,716,0,0,320,74,0,719,3085,7930,1567,381,2690,443,0,2030,0,1912,428,0,0
2026-01-06 17:30:00,4516,0,11217,735,17530,7280,498,0,0,23,4175,1191,796,0,0,319,74,0,712,2372,8473,1683,128,2470,759,0,1502,0,1627,649,0,0
2026-01-06 18:00:00,4521,0,11227,735,17361,7349,498,0,0,23,4812,1185,719,0,0,319,74,0,703,3013,9169,1405,76,2055,481,0,934,0,1445,980,0,0
2026-01-06 18:30:00,4493,0,11242,709,17325,7426,434,0,0,23,3450,1164,629,0,0,319,74,0,709,3916,10134,1332,0,1871,436,0,642,0,1005,1307,0,0
2026-01-06 19:00:00,4472,0,11469,633,16863,7378,406,0,0,23,1343,1176,291,0,0,319,74,0,699,4540,11109,1429,2,1728,9,0,851,0,1535,1305,0,0
2026-01-06 19:30:00,4459,0,11654,633,16057,7373,406,0,0,23,255,1178,108,0,0,319,74,0,703,4485,11563,1414,62,1494,0,0,929,0,2400,1214,0,109
2026-01-06 20:00:00,4389,0,11496,601,15854,7370,406,0,0,23,581,1176,99,0,0,319,74,0,703,4578,12099,243,203,226,0,463,1304,0,2530,1238,0,151
2026-01-06 20:30:00,4359,0,11377,531,15702,7275,406,0,0,23,707,1189,96,0,0,320,74,0,702,4664,12312,0,0,0,0,667,1297,0,3155,1257,0,216
2026-01-06 21:00:00,4299,0,11284,422,15327,7165,406,0,0,23,264,1198,42,0,0,320,74,0,694,4542,12650,0,0,0,0,1716,1893,0,3623,1254,0,115
2026-01-06 21:30:00,4284,0,10993,415,15111,7062,406,0,0,23,121,1201,41,0,0,320,74,0,699,4623,12744,0,0,0,0,1846,1873,0,3622,1297,0,0
2026-01-06 22:00:00,4233,0,10963,439,14610,6789,406,0,0,23,274,1205,76,0,0,319,74,0,696,4677,12319,0,13,0,0,2133,1786,0,3075,1395,0,97
2026-01-06 22:30:00,4218,0,10614,455,14553,6673,406,0,0,23,124,1216,37,0,0,318,74,0,703,4976,12684,0,0,0,0,2636,1228,0,2572,1297,0,213
2026-01-06 23:00:00,4160,0,10219,455,14106,6403,406,0,0,23,170,1230,21,0,0,318,74,0,701,4873,13247,0,0,0,0,2717,1179,0,2048,1344,0,201
2026-01-06 23:30:00,4140,0,9875,435,14009,6177,406,0,0,23,92,1232,18,0,0,318,74,0,693,5231,13894,0,0,0,0,2508,1017,0,1518,1141,0,216
